country_code,year,ai_papers,total_citations,avg_citations_per_paper,median_citations_per_paper,avg_authors_per_paper,avg_institutions_per_paper,international_collaboration_rate
AE,2017,1,673,673.0,673.0,3.0,2.0,1.0
AE,2018,3,2305,768.3333,739.0,4.3333,3.3333,1.0
AE,2019,6,6777,1129.5,986.0,10.1667,6.5,1.0
AE,2020,9,9247,1027.4444,863.0,5.5556,3.3333,0.8889
AE,2021,14,13623,973.0714,757.5,5.3571,5.0714,0.9286
AE,2022,17,12448,732.2353,452.0,7.7059,5.2941,0.8824
AE,2023,30,14807,493.5667,371.0,10.3333,6.9667,0.8667
AE,2024,23,4931,214.3913,177.0,9.1304,6.3043,0.913
AE,2025,23,2362,102.6957,81.0,10.9565,9.5652,0.913
AF,2024,1,158,158.0,158.0,6.0,6.0,1.0
AG,2023,1,422,422.0,422.0,13.0,29.0,1.0
AL,2024,1,502,502.0,502.0,97.0,80.0,1.0
AM,2019,1,622,622.0,622.0,5.0,4.0,1.0
AM,2021,1,532,532.0,532.0,3.0,2.0,1.0
AM,2023,1,365,365.0,365.0,10.0,7.0,1.0
AM,2025,1,59,59.0,59.0,8.0,7.0,1.0
AO,2025,1,105,105.0,105.0,78.0,71.0,1.0
AR,2016,8,11025,1378.125,813.0,38.0,20.25,0.75
AR,2017,4,3075,768.75,734.5,20.25,16.25,1.0
AR,2018,2,1674,837.0,837.0,29.0,26.5,1.0
AR,2019,3,2041,680.3333,663.0,6.0,5.0,1.0
AR,2020,2,1313,656.5,656.5,5.0,5.5,0.5
AR,2021,1,772,772.0,772.0,92.0,86.0,1.0
AR,2023,1,794,794.0,794.0,14.0,14.0,1.0
AR,2024,2,574,287.0,287.0,71.5,78.5,1.0
AR,2025,3,234,78.0,65.0,21.0,9.3333,0.6667
AT,2016,21,32423,1543.9524,1044.0,15.8571,8.5714,0.7143
AT,2017,18,41496,2305.3333,831.5,12.4444,10.0556,0.9444
AT,2018,18,26960,1497.7778,1326.5,12.8889,9.7778,0.7222
AT,2019,15,18816,1254.4,971.0,24.9333,15.6,0.8
AT,2020,22,36130,1642.2727,819.5,10.5455,7.5455,0.8182
AT,2021,11,13300,1209.0909,772.0,24.6364,21.5455,1.0
AT,2022,11,5677,516.0909,452.0,28.0,21.0909,0.9091
AT,2023,15,81855,5457.0,399.0,24.6667,14.8,0.9333
AT,2024,12,6186,515.5,392.0,24.0,25.75,0.9167
AT,2025,14,1773,126.6429,70.0,24.8571,21.0714,0.7857
AU,2016,59,89950,1524.5763,988.0,11.7627,8.1017,0.7288
AU,2017,60,95557,1592.6167,936.0,8.3333,5.4667,0.6667
AU,2018,60,81460,1357.6667,893.0,9.1167,6.8667,0.8167
AU,2019,77,93525,1214.6104,876.0,10.974,7.3506,0.7662
AU,2020,73,112395,1539.6575,856.0,9.4384,7.7397,0.8082
AU,2021,92,93184,1012.8696,597.0,9.163,7.3043,0.7935
AU,2022,87,52971,608.8621,489.0,13.954,9.977,0.7816
AU,2023,75,40330,537.7333,385.0,15.8667,9.96,0.8
AU,2024,93,27632,297.1183,205.0,14.1398,11.0108,0.8602
AU,2025,76,7764,102.1579,71.5,16.6842,14.0395,0.8158
AZ,2018,1,969,969.0,969.0,16.0,11.0,1.0
AZ,2024,1,190,190.0,190.0,8.0,7.0,1.0
AZ,2025,4,343,85.75,83.5,3.0,3.25,1.0
BA,2018,1,818,818.0,818.0,2.0,1.0,0.0
BA,2019,1,1327,1327.0,1327.0,4.0,3.0,1.0
BA,2021,1,394,394.0,394.0,29.0,34.0,1.0
BA,2025,3,230,76.6667,70.0,31.0,30.0,1.0
BB,2022,1,569,569.0,569.0,1.0,1.0,0.0
BD,2016,1,1015,1015.0,1015.0,4.0,3.0,1.0
BD,2017,1,819,819.0,819.0,6.0,3.0,1.0
BD,2018,1,871,871.0,871.0,4.0,3.0,1.0
BD,2019,4,5294,1323.5,1222.0,4.25,3.25,0.25
BD,2020,10,6511,651.1,600.0,6.0,3.8,0.7
BD,2021,11,12759,1159.9091,495.0,5.0909,4.2727,1.0
BD,2022,9,4382,486.8889,383.0,4.6667,4.1111,0.8889
BD,2023,7,3632,518.8571,368.0,6.0,4.8571,0.8571
BD,2024,14,2846,203.2857,168.5,6.7857,3.0,0.6429
BD,2025,20,1733,86.65,92.5,6.15,4.7,0.75
BE,2016,17,17967,1056.8824,902.0,8.4118,6.4706,0.8235
BE,2017,13,20824,1601.8462,1281.0,17.2308,13.4615,0.9231
BE,2018,19,31303,1647.5263,864.0,5.5263,4.0,0.7368
BE,2019,19,20693,1089.1053,797.0,12.5263,8.7895,0.8947
BE,2020,19,24918,1311.4737,875.0,13.5263,11.9474,0.7895
BE,2021,16,14856,928.5,660.0,19.9375,14.0625,0.9375
BE,2022,8,4346,543.25,546.5,47.5,28.875,1.0
BE,2023,9,3622,402.4444,318.0,6.4444,4.2222,1.0
BE,2024,14,5169,369.2143,192.5,27.6429,21.6429,0.9286
BE,2025,12,1628,135.6667,86.5,28.0833,22.0,0.9167
BG,2021,2,809,404.5,404.5,21.5,23.0,1.0
BG,2023,4,1287,321.75,280.0,20.75,13.25,0.75
BG,2024,2,519,259.5,259.5,6.0,3.5,1.0
BG,2025,1,53,53.0,53.0,2.0,2.0,1.0
BH,2024,1,158,158.0,158.0,4.0,1.0,0.0
BH,2025,3,210,70.0,58.0,6.0,6.0,1.0
BI,2016,2,1330,665.0,665.0,3.0,4.5,1.0
BI,2017,2,1792,896.0,896.0,3.0,8.0,1.0
BI,2022,1,814,814.0,814.0,29.0,21.0,1.0
BJ,2021,1,669,669.0,669.0,22.0,23.0,1.0
BJ,2024,1,502,502.0,502.0,97.0,80.0,1.0
BM,2016,1,713,713.0,713.0,92.0,63.0,1.0
BN,2022,1,339,339.0,339.0,16.0,7.0,1.0
BN,2024,1,142,142.0,142.0,4.0,1.0,0.0
BN,2025,1,99,99.0,99.0,4.0,1.0,0.0
BO,2022,1,550,550.0,550.0,85.0,19.0,1.0
BR,2016,12,9491,790.9167,764.5,20.75,11.9167,0.6667
BR,2017,11,13356,1214.1818,892.0,15.4545,11.0,0.8182
BR,2018,5,6125,1225.0,1079.0,3.4,2.4,0.6
BR,2019,9,7238,804.2222,737.0,28.6667,21.4444,0.7778
BR,2020,13,10249,788.3846,740.0,5.6923,4.0769,0.7692
BR,2021,7,4627,661.0,724.0,26.2857,24.4286,0.8571
BR,2022,11,7108,646.1818,403.0,33.7273,18.3636,0.8182
BR,2023,8,3204,400.5,310.5,9.5,5.375,0.875
BR,2024,7,1958,279.7143,228.0,9.1429,6.1429,0.8571
BR,2025,7,638,91.1429,78.0,37.2857,32.8571,1.0
BW,2020,1,544,544.0,544.0,8.0,9.0,1.0
BW,2021,1,978,978.0,978.0,6.0,1.0,0.0
BY,2017,2,4036,2018.0,2018.0,37.0,19.0,1.0
BY,2019,1,776,776.0,776.0,9.0,7.0,1.0
BY,2022,1,495,495.0,495.0,87.0,44.0,1.0
BY,2025,1,75,75.0,75.0,8.0,6.0,1.0
CA,2016,67,75918,1133.1045,856.0,10.5672,7.0448,0.806
CA,2017,72,223556,3104.9444,1004.5,9.0694,6.7639,0.8194
CA,2018,61,85902,1408.2295,943.0,8.2131,6.459,0.8197
CA,2019,65,70537,1085.1846,835.0,14.6615,10.5846,0.8154
CA,2020,81,101630,1254.6914,772.0,10.0988,8.1852,0.7037
CA,2021,75,63796,850.6133,575.0,12.0,8.8667,0.8267
CA,2022,65,34871,536.4769,441.0,18.2154,13.2615,0.8462
CA,2023,70,37712,538.7429,380.0,14.0,9.9571,0.8429
CA,2024,66,22519,341.197,223.0,16.2576,12.5606,0.8939
CA,2025,64,13094,204.5938,76.5,18.0469,14.8125,0.9219
CD,2017,1,730,730.0,730.0,22.0,22.0,1.0
CD,2024,1,164,164.0,164.0,8.0,4.0,1.0
CD,2025,1,105,105.0,105.0,78.0,71.0,1.0
CH,2016,49,86408,1763.4286,1077.0,9.7347,6.7551,0.6939
CH,2017,47,76048,1618.0426,971.0,10.3404,8.2128,0.8511
CH,2018,33,42883,1299.4848,1074.0,8.7576,6.7879,0.8182
CH,2019,50,62072,1241.44,914.5,12.3,9.02,0.72
CH,2020,34,39246,1154.2941,860.5,15.8824,13.8235,0.9118
CH,2021,34,26273,772.7353,556.5,11.1471,9.8529,0.8235
CH,2022,34,23467,690.2059,465.5,25.8235,12.0882,0.9118
CH,2023,37,15739,425.3784,331.0,12.7027,8.7297,0.8649
CH,2024,31,7768,250.5806,183.0,22.2258,17.8387,0.7419
CH,2025,37,3314,89.5676,65.0,19.5135,15.1351,0.8378
CL,2016,5,5914,1182.8,1250.0,6.4,5.6,1.0
CL,2017,2,1463,731.5,731.5,17.5,16.5,1.0
CL,2018,2,1524,762.0,762.0,7.0,6.5,1.0
CL,2019,1,973,973.0,973.0,37.0,29.0,1.0
CL,2020,2,2642,1321.0,1321.0,26.0,24.0,1.0
CL,2021,2,2019,1009.5,1009.5,19.5,15.5,1.0
CL,2022,3,2066,688.6667,807.0,41.6667,29.6667,1.0
CL,2023,2,1595,797.5,797.5,9.5,4.0,1.0
CL,2024,1,153,153.0,153.0,9.0,4.0,1.0
CL,2025,4,361,90.25,70.5,29.0,18.0,0.5
CM,2017,1,664,664.0,664.0,7.0,6.0,1.0
CM,2020,1,1148,1148.0,1148.0,4.0,2.0,1.0
CM,2023,1,277,277.0,277.0,4.0,3.0,1.0
CN,2016,157,245881,1566.121,883.0,6.5032,3.9045,0.6051
CN,2017,215,339839,1580.6465,883.0,6.214,3.6605,0.6326
CN,2018,216,256397,1187.0231,912.5,5.7824,3.0787,0.5972
CN,2019,253,308939,1221.1028,862.0,7.6996,4.5613,0.6996
CN,2020,276,289554,1049.1087,697.5,5.9239,3.3587,0.5797
CN,2021,294,265288,902.3401,565.5,7.0408,4.1973,0.585
CN,2022,359,196266,546.7019,422.0,7.6546,4.3287,0.5682
CN,2023,316,136161,430.8892,327.0,8.0538,4.7722,0.6013
CN,2024,325,81994,252.2892,179.0,8.3846,4.6954,0.5723
CN,2025,388,47037,121.2294,65.0,8.0773,4.4897,0.482
CO,2016,3,7062,2354.0,3158.0,7.0,6.3333,1.0
CO,2017,1,702,702.0,702.0,7.0,6.0,1.0
CO,2019,1,601,601.0,601.0,16.0,19.0,1.0
CO,2020,5,6623,1324.6,815.0,19.0,19.4,0.8
CO,2022,3,2215,738.3333,661.0,22.0,14.6667,1.0
CO,2024,1,479,479.0,479.0,19.0,26.0,1.0
CO,2025,1,61,61.0,61.0,100.0,73.0,1.0
CU,2017,1,1332,1332.0,1332.0,32.0,11.0,1.0
CY,2016,1,755,755.0,755.0,3.0,2.0,1.0
CY,2017,1,1706,1706.0,1706.0,7.0,4.0,1.0
CY,2018,1,1394,1394.0,1394.0,3.0,2.0,1.0
CY,2019,1,888,888.0,888.0,3.0,2.0,1.0
CY,2020,5,3694,738.8,741.0,7.0,5.4,0.8
CY,2021,4,2293,573.25,457.0,4.25,3.0,0.75
CY,2022,2,3366,1683.0,1683.0,35.5,42.5,1.0
CY,2023,3,1793,597.6667,445.0,2.3333,2.3333,0.6667
CY,2024,2,317,158.5,158.5,4.0,3.0,1.0
CY,2025,4,264,66.0,62.0,5.25,5.5,1.0
CZ,2016,7,7076,1010.8571,715.0,19.7143,9.8571,1.0
CZ,2017,6,6883,1147.1667,995.5,22.5,15.1667,1.0
CZ,2018,2,1366,683.0,683.0,17.5,14.5,1.0
CZ,2019,3,3237,1079.0,1139.0,36.6667,18.6667,0.6667
CZ,2020,2,1142,571.0,571.0,13.0,14.0,1.0
CZ,2021,10,7706,770.6,601.5,9.6,8.8,0.7
CZ,2022,6,3282,547.0,410.5,19.6667,9.6667,0.5
CZ,2023,8,78738,9842.25,363.5,21.75,13.375,0.75
CZ,2024,10,2657,265.7,206.5,22.7,23.3,1.0
CZ,2025,8,1586,198.25,74.5,22.125,20.875,1.0
DE,2016,99,177701,1794.9596,1015.0,10.3636,7.4646,0.798
DE,2017,98,146026,1490.0612,990.5,9.4286,7.0816,0.7551
DE,2018,75,138606,1848.08,1034.0,10.1067,7.56,0.72
DE,2019,113,169749,1502.2035,1129.0,10.6106,7.2212,0.7257
DE,2020,85,108688,1278.6824,917.0,9.7176,7.6824,0.8235
DE,2021,103,79649,773.2913,592.0,11.8155,8.2427,0.7767
DE,2022,92,69527,755.7283,452.5,15.5652,10.7065,0.8478
DE,2023,95,127002,1336.8632,355.0,16.6,10.5474,0.8
DE,2024,77,25412,330.026,192.0,17.4416,13.3117,0.8182
DE,2025,79,8982,113.6962,80.0,19.0127,14.2911,0.9494
DK,2016,12,13090,1090.8333,1009.5,5.75,4.4167,0.6667
DK,2017,13,14061,1081.6154,860.0,13.6154,13.0769,0.7692
DK,2018,5,6162,1232.4,1240.0,24.0,16.0,0.8
DK,2019,17,24960,1468.2353,1057.0,20.2941,14.7059,1.0
DK,2020,14,11237,802.6429,720.5,9.6429,9.0714,0.8571
DK,2021,16,11562,722.625,547.5,10.0625,8.5,0.9375
DK,2022,21,13838,658.9524,482.0,24.9524,16.3333,0.9048
DK,2023,12,4814,401.1667,362.5,29.75,19.5,1.0
DK,2024,15,3801,253.4,178.0,35.5333,29.6,0.8667
DK,2025,17,1931,113.5882,72.0,32.0,33.7059,1.0
DO,2017,1,1195,1195.0,1195.0,6.0,4.0,1.0
DZ,2017,1,909,909.0,909.0,3.0,4.0,0.0
DZ,2018,2,3218,1609.0,1609.0,6.0,6.0,1.0
DZ,2019,1,1005,1005.0,1005.0,4.0,1.0,0.0
DZ,2020,2,1897,948.5,948.5,6.5,6.0,1.0
DZ,2021,2,1208,604.0,604.0,5.0,4.0,1.0
DZ,2022,2,1359,679.5,679.5,14.5,13.5,1.0
DZ,2023,1,533,533.0,533.0,8.0,6.0,1.0
DZ,2024,4,804,201.0,203.0,3.5,3.0,0.75
DZ,2025,6,391,65.1667,60.0,7.8333,6.3333,1.0
EC,2017,1,702,702.0,702.0,7.0,6.0,1.0
EC,2023,1,308,308.0,308.0,4.0,3.0,1.0
EC,2024,4,753,188.25,179.5,6.0,2.75,1.0
EC,2025,3,358,119.3333,78.0,7.3333,6.6667,0.6667
EE,2016,1,1304,1304.0,1304.0,17.0,14.0,1.0
EE,2018,1,668,668.0,668.0,23.0,21.0,1.0
EE,2021,3,1919,639.6667,570.0,13.3333,14.0,1.0
EE,2022,1,455,455.0,455.0,7.0,3.0,1.0
EE,2025,2,155,77.5,77.5,5.0,12.5,1.0
EG,2016,1,771,771.0,771.0,3.0,2.0,1.0
EG,2017,7,5973,853.2857,740.0,11.1429,10.2857,0.5714
EG,2018,2,1846,923.0,923.0,26.5,25.5,1.0
EG,2019,4,4291,1072.75,747.5,3.75,1.75,0.25
EG,2020,6,4301,716.8333,735.5,14.5,8.8333,0.8333
EG,2021,10,5539,553.9,447.0,12.2,9.2,1.0
EG,2022,5,3196,639.2,370.0,4.8,3.8,0.4
EG,2023,12,6847,570.5833,472.0,4.6667,4.6667,0.6667
EG,2024,13,3165,243.4615,207.0,12.1538,10.1538,0.6923
EG,2025,30,2388,79.6,64.0,7.9667,6.7667,0.7667
ES,2016,34,47222,1388.8824,981.5,12.0294,8.5882,0.8235
ES,2017,35,49184,1405.2571,857.0,13.4286,9.8857,0.8857
ES,2018,28,39704,1418.0,952.5,12.5,10.1429,0.7143
ES,2019,34,48023,1412.4412,838.5,20.8824,14.7647,0.8529
ES,2020,28,22609,807.4643,655.0,7.2857,6.0714,0.7857
ES,2021,28,29407,1050.25,543.5,16.3929,13.2857,0.6786
ES,2022,23,15537,675.5217,465.0,25.4348,18.7391,0.8696
ES,2023,28,17688,631.7143,418.0,23.1786,13.3571,0.8214
ES,2024,41,11540,281.4634,213.0,22.9268,17.878,0.878
ES,2025,31,2883,93.0,67.0,24.0645,19.6129,0.9032
ET,2019,1,665,665.0,665.0,6.0,4.0,1.0
ET,2020,1,579,579.0,579.0,2.0,1.0,0.0
ET,2021,2,994,497.0,497.0,4.5,3.5,1.0
ET,2023,2,630,315.0,315.0,12.0,3.5,0.5
ET,2024,5,862,172.4,153.0,5.2,5.2,0.8
ET,2025,4,209,52.25,52.0,8.75,6.0,0.75
FI,2016,17,24738,1455.1765,976.0,15.8235,10.9412,0.8824
FI,2017,15,18849,1256.6,871.0,21.2,13.0667,0.8667
FI,2018,11,10698,972.5455,906.0,9.5455,9.2727,0.7273
FI,2019,13,11804,908.0,663.0,5.0769,4.3077,1.0
FI,2020,19,16551,871.1053,673.0,6.0,4.4737,0.7895
FI,2021,23,20814,904.9565,560.0,23.087,18.0435,0.9565
FI,2022,24,15506,646.0833,472.5,16.0833,9.3333,0.8333
FI,2023,9,3207,356.3333,300.0,5.3333,3.4444,0.7778
FI,2024,18,5411,300.6111,240.5,21.0556,19.3333,0.8889
FI,2025,5,310,62.0,64.0,6.6,6.4,1.0
FJ,2023,1,962,962.0,962.0,9.0,10.0,1.0
FR,2016,59,92717,1571.4746,953.0,13.1695,10.4407,0.7797
FR,2017,47,62023,1319.6383,873.0,9.7021,8.9362,0.9362
FR,2018,38,62685,1649.6053,1425.0,9.6053,7.9211,0.8421
FR,2019,54,71898,1331.4444,1016.5,12.1296,10.037,0.8519
FR,2020,50,43278,865.56,705.0,8.72,8.48,0.86
FR,2021,39,33611,861.8205,560.0,12.1282,12.5641,0.9487
FR,2022,39,23495,602.4359,460.0,24.4359,18.1795,0.8718
FR,2023,35,99361,2838.8857,365.0,19.7143,13.4,0.9143
FR,2024,34,22096,649.8824,203.5,20.9412,19.1765,0.7941
FR,2025,37,8581,231.9189,79.0,26.6757,25.027,0.9459
GB,2016,181,534073,2950.6796,962.0,8.5359,6.0055,0.7072
GB,2017,138,221522,1605.2319,933.5,8.5,5.971,0.6594
GB,2018,140,251349,1795.35,1063.0,8.6929,6.1,0.7214
GB,2019,152,237940,1565.3947,895.5,9.7566,6.9868,0.8026
GB,2020,154,169715,1102.0455,757.5,10.5714,7.1039,0.7922
GB,2021,149,184229,1236.4362,592.0,11.6913,8.2349,0.8322
GB,2022,154,92961,603.6429,451.0,11.9935,8.1948,0.8247
GB,2023,134,72072,537.8507,353.5,16.4925,9.7537,0.8582
GB,2024,130,47309,363.9154,191.5,13.3154,9.8385,0.8385
GB,2025,112,12742,113.7679,73.0,15.3839,12.5179,0.9018
GE,2018,1,1728,1728.0,1728.0,69.0,38.0,1.0
GE,2024,1,156,156.0,156.0,7.0,7.0,1.0
GE,2025,1,105,105.0,105.0,78.0,71.0,1.0
GH,2021,2,1034,517.0,517.0,3.5,2.5,1.0
GH,2022,3,1531,510.3333,403.0,12.3333,9.6667,0.6667
GH,2023,2,1980,990.0,990.0,51.0,34.5,1.0
GH,2025,2,170,85.0,85.0,40.5,36.5,1.0
GI,2021,1,434,434.0,434.0,37.0,15.0,1.0
GR,2016,8,11029,1378.625,1010.5,30.0,20.125,1.0
GR,2017,4,4042,1010.5,954.0,14.25,11.75,0.75
GR,2018,9,21214,2357.1111,2884.0,10.4444,8.4444,0.7778
GR,2019,5,4478,895.6,888.0,9.0,7.6,0.4
GR,2020,10,12457,1245.7,966.0,8.8,6.8,0.5
GR,2021,5,3242,648.4,641.0,28.6,17.0,1.0
GR,2022,10,10504,1050.4,818.5,30.2,24.5,0.8
GR,2023,11,4234,384.9091,365.0,17.1818,6.7273,0.5455
GR,2024,9,2162,240.2222,229.0,13.7778,4.3333,0.3333
GR,2025,19,2060,108.4211,85.0,12.0526,8.4737,0.6316
HK,2016,23,42056,1828.5217,1098.0,9.5217,4.6957,0.7826
HK,2017,30,68143,2271.4333,928.5,11.7333,6.7667,0.9333
HK,2018,36,59415,1650.4167,1164.5,6.5833,4.0833,0.75
HK,2019,39,50158,1286.1026,875.0,8.7436,4.8974,0.9231
HK,2020,42,37016,881.3333,680.0,5.5,3.3571,0.8333
HK,2021,49,42638,870.1633,626.0,7.7959,5.6939,0.8163
HK,2022,61,40062,656.7541,459.0,10.6557,6.8361,0.8852
HK,2023,50,29100,582.0,355.0,9.4,6.38,0.82
HK,2024,72,19370,269.0278,210.5,12.75,7.7222,0.9167
HK,2025,47,3964,84.3404,76.0,13.3191,8.2766,0.9149
HN,2025,1,105,105.0,105.0,78.0,71.0,1.0
HR,2018,2,4187,2093.5,2093.5,14.5,13.5,0.5
HR,2019,2,2239,1119.5,1119.5,32.5,15.5,0.5
HR,2020,1,1021,1021.0,1021.0,4.0,4.0,1.0
HR,2021,3,1431,477.0,499.0,3.0,3.3333,1.0
HR,2022,5,1989,397.8,378.0,22.4,20.8,1.0
HR,2024,2,664,332.0,332.0,11.0,13.5,0.5
HR,2025,2,175,87.5,87.5,40.5,36.5,0.5
HU,2016,2,2493,1246.5,1246.5,10.0,10.5,1.0
HU,2017,1,791,791.0,791.0,24.0,21.0,1.0
HU,2018,2,1319,659.5,659.5,20.0,25.5,1.0
HU,2019,1,599,599.0,599.0,7.0,7.0,1.0
HU,2020,8,24117,3014.625,903.0,10.25,4.875,0.875
HU,2021,2,1050,525.0,525.0,4.5,1.5,0.5
HU,2022,5,2171,434.2,425.0,31.6,21.0,0.8
HU,2023,7,4708,672.5714,550.0,47.2857,29.4286,1.0
HU,2024,9,2674,297.1111,199.0,11.3333,7.5556,0.8889
HU,2025,9,1032,114.6667,71.0,10.3333,10.2222,1.0
ID,2017,1,2729,2729.0,2729.0,2.0,1.0,0.0
ID,2018,2,1858,929.0,929.0,2.5,1.5,0.0
ID,2020,4,3131,782.75,792.0,3.25,1.5,0.25
ID,2021,3,1484,494.6667,493.0,9.3333,6.6667,0.3333
ID,2022,2,1146,573.0,573.0,5.5,3.0,0.5
ID,2023,6,4433,738.8333,403.0,4.1667,1.8333,0.1667
ID,2024,2,1465,732.5,732.5,4.0,1.5,0.0
ID,2025,3,265,88.3333,84.0,30.6667,25.3333,0.6667
IE,2016,6,6729,1121.5,766.0,22.5,19.0,1.0
IE,2017,9,10386,1154.0,1016.0,13.0,12.7778,0.7778
IE,2018,7,51900,7414.2857,972.0,11.1429,11.1429,0.8571
IE,2019,6,5071,845.1667,718.0,5.8333,3.1667,0.8333
IE,2020,7,5770,824.2857,654.0,11.8571,9.5714,0.8571
IE,2021,15,9518,634.5333,559.0,7.5333,7.3333,0.7333
IE,2022,11,7816,710.5455,432.0,16.5455,9.8182,0.9091
IE,2023,6,4189,698.1667,398.5,8.8333,7.8333,1.0
IE,2024,16,3902,243.875,185.0,14.75,12.4375,0.9375
IE,2025,7,460,65.7143,59.0,23.4286,20.8571,1.0
IL,2016,16,20953,1309.5625,985.5,4.875,4.3125,0.75
IL,2017,17,190117,11183.3529,3622.0,4.5882,2.6471,0.5882
IL,2018,18,42883,2382.3889,1235.5,9.0556,5.1111,0.7222
IL,2019,16,18003,1125.1875,920.5,9.0,4.25,0.75
IL,2020,15,26165,1744.3333,757.0,5.3333,3.4,0.8
IL,2021,27,27924,1034.2222,588.0,10.8148,7.8519,0.7037
IL,2022,22,19133,869.6818,503.5,10.4545,6.0455,0.7273
IL,2023,20,7817,390.85,348.5,15.15,8.65,0.7
IL,2024,7,1647,235.2857,183.0,28.8571,29.2857,0.7143
IL,2025,7,747,106.7143,78.0,20.0,18.1429,0.8571
IN,2016,22,26753,1216.0455,796.5,16.0455,7.7727,0.5909
IN,2017,17,18045,1061.4706,1010.0,20.0,11.8235,0.5294
IN,2018,20,20863,1043.15,733.5,8.25,6.15,0.55
IN,2019,41,40394,985.2195,831.0,10.878,7.2439,0.4634
IN,2020,50,43381,867.62,676.5,5.56,3.62,0.54
IN,2021,56,37160,663.5714,522.5,6.1429,4.9107,0.4821
IN,2022,61,40099,657.3607,495.0,14.4918,9.4262,0.623
IN,2023,56,26634,475.6071,338.0,8.375,6.0,0.5714
IN,2024,63,16624,263.873,194.0,9.7778,7.3016,0.6984
IN,2025,87,8009,92.0575,70.0,12.0,10.8161,0.7126
IQ,2017,1,3990,3990.0,3990.0,3.0,2.0,1.0
IQ,2018,1,694,694.0,694.0,4.0,4.0,1.0
IQ,2019,3,2235,745.0,676.0,4.3333,2.6667,1.0
IQ,2020,4,3487,871.75,830.5,3.0,1.5,0.5
IQ,2021,3,9815,3271.6667,1820.0,4.6667,3.3333,0.3333
IQ,2022,4,1663,415.75,416.0,9.0,8.5,0.75
IQ,2023,4,2395,598.75,672.0,15.0,12.25,0.75
IQ,2024,8,1901,237.625,191.5,7.25,6.875,0.875
IQ,2025,8,655,81.875,75.0,17.875,17.375,1.0
IR,2016,4,2979,744.75,764.5,27.25,12.25,0.75
IR,2017,5,4398,879.6,769.0,6.6,3.0,0.6
IR,2018,3,2929,976.3333,917.0,5.0,4.0,0.6667
IR,2019,8,6315,789.375,725.5,16.5,8.5,0.625
IR,2020,11,7374,670.3636,558.0,4.7273,4.6364,0.7273
IR,2021,18,12261,681.1667,513.5,5.3889,4.6111,0.7222
IR,2022,12,5991,499.25,413.0,5.75,4.4167,0.5833
IR,2023,12,5426,452.1667,398.5,6.8333,4.8333,0.9167
IR,2024,19,5204,273.8947,207.0,6.2632,5.2105,0.9474
IR,2025,20,1538,76.9,66.5,5.55,4.75,0.75
IS,2016,2,14540,7270.0,7270.0,5.5,3.0,1.0
IS,2017,1,857,857.0,857.0,8.0,7.0,1.0
IS,2018,2,2447,1223.5,1223.5,36.5,20.5,1.0
IS,2019,3,3744,1248.0,1129.0,36.3333,30.3333,0.6667
IS,2020,1,519,519.0,519.0,7.0,7.0,1.0
IS,2021,1,462,462.0,462.0,7.0,3.0,1.0
IS,2024,1,712,712.0,712.0,14.0,19.0,1.0
IT,2016,33,41883,1269.1818,962.0,17.4242,9.3636,0.8182
IT,2017,25,25744,1029.76,996.0,18.0,13.56,0.8
IT,2018,30,34967,1165.5667,888.5,12.4,9.3333,0.7333
IT,2019,29,30680,1057.931,839.0,20.8276,13.3448,0.8276
IT,2020,43,41511,965.3721,721.0,8.9767,6.7442,0.7907
IT,2021,46,32254,701.1739,536.5,11.7174,11.0435,0.8696
IT,2022,32,18394,574.8125,444.0,22.625,15.0625,0.8438
IT,2023,32,19239,601.2188,329.5,14.6562,9.5938,0.9062
IT,2024,43,11722,272.6047,183.0,13.0,9.7674,0.814
IT,2025,55,4771,86.7455,68.0,18.5636,14.8364,0.8
JM,2018,2,1966,983.0,983.0,5.0,2.5,1.0
JM,2020,2,1539,769.5,769.5,6.5,2.5,1.0
JM,2021,1,397,397.0,397.0,5.0,2.0,1.0
JO,2016,2,2010,1005.0,1005.0,10.5,8.5,1.0
JO,2017,3,2526,842.0,738.0,4.6667,2.6667,1.0
JO,2018,2,1381,690.5,690.5,5.0,4.0,1.0
JO,2019,4,4628,1157.0,897.0,6.75,6.25,1.0
JO,2020,1,675,675.0,675.0,3.0,1.0,0.0
JO,2021,4,3045,761.25,622.5,3.75,4.0,0.75
JO,2022,8,8758,1094.75,798.0,9.5,10.125,0.875
JO,2023,9,4102,455.7778,320.0,6.6667,5.7778,0.5556
JO,2024,16,3402,212.625,190.0,6.25,6.125,0.75
JO,2025,37,3277,88.5676,83.0,6.0811,5.7838,0.8919
JP,2016,24,24135,1005.625,800.0,18.4583,11.0833,0.7917
JP,2017,35,35818,1023.3714,829.0,13.4,9.1714,0.7143
JP,2018,33,43159,1307.8485,969.0,5.0909,3.9091,0.5455
JP,2019,32,34257,1070.5312,795.5,14.9688,8.9688,0.7812
JP,2020,21,21932,1044.381,872.0,8.2857,7.9048,0.9048
JP,2021,20,33312,1665.6,561.5,14.45,11.5,0.75
JP,2022,23,11391,495.2609,459.0,22.0435,12.8261,0.8696
JP,2023,26,10712,412.0,338.0,9.3846,6.9615,0.8462
JP,2024,22,5766,262.0909,221.0,20.1364,14.8182,1.0
JP,2025,17,1523,89.5882,76.0,21.8235,16.4706,1.0
KE,2018,1,798,798.0,798.0,5.0,2.0,1.0
KE,2020,1,721,721.0,721.0,64.0,32.0,1.0
KE,2021,2,2396,1198.0,1198.0,26.5,26.5,1.0
KE,2022,1,403,403.0,403.0,28.0,22.0,1.0
KE,2023,1,277,277.0,277.0,4.0,3.0,1.0
KE,2025,2,358,179.0,179.0,22.5,28.5,1.0
KH,2025,3,228,76.0,72.0,29.0,26.0,1.0
KN,2025,1,55,55.0,55.0,14.0,13.0,1.0
KR,2016,27,42386,1569.8519,992.0,13.2963,6.8148,0.6296
KR,2017,24,29653,1235.5417,797.0,9.0833,5.4583,0.625
KR,2018,24,49719,2071.625,873.0,7.125,4.5833,0.5833
KR,2019,36,47578,1321.6111,868.0,12.9444,7.3889,0.6667
KR,2020,30,22878,762.6,689.0,5.8,4.5667,0.7333
KR,2021,40,76596,1914.9,700.0,10.25,5.825,0.8
KR,2022,39,25627,657.1026,419.0,12.6923,9.1795,0.6923
KR,2023,30,15691,523.0333,327.5,10.1333,6.1,0.8667
KR,2024,32,7850,245.3125,208.0,12.9062,8.4062,0.7188
KR,2025,49,3739,76.3061,67.0,16.3673,11.9388,0.8163
KW,2017,2,1418,709.0,709.0,25.5,14.0,1.0
KW,2023,1,253,253.0,253.0,8.0,1.0,0.0
KW,2024,3,580,193.3333,162.0,5.3333,5.6667,1.0
KW,2025,2,132,66.0,66.0,10.5,9.5,1.0
KY,2019,2,3069,1534.5,1534.5,5.0,4.5,1.0
KY,2020,3,1914,638.0,662.0,5.3333,2.6667,1.0
KY,2021,1,585,585.0,585.0,7.0,1.0,0.0
KY,2023,2,1304,652.0,652.0,21.5,12.5,1.0
KZ,2020,1,603,603.0,603.0,3.0,1.0,0.0
KZ,2022,1,562,562.0,562.0,2.0,1.0,0.0
KZ,2024,1,139,139.0,139.0,10.0,4.0,1.0
KZ,2025,2,135,67.5,67.5,6.5,4.5,1.0
LB,2016,1,4045,4045.0,4045.0,99.0,56.0,1.0
LB,2017,2,2290,1145.0,1145.0,48.0,27.5,1.0
LB,2020,1,776,776.0,776.0,6.0,3.0,1.0
LB,2021,1,488,488.0,488.0,4.0,6.0,1.0
LB,2023,5,2071,414.2,440.0,6.4,5.6,1.0
LB,2024,5,2053,410.6,214.0,6.2,8.2,1.0
LB,2025,6,388,64.6667,56.5,16.3333,15.3333,1.0
LI,2017,1,683,683.0,683.0,3.0,2.0,1.0
LI,2021,1,722,722.0,722.0,37.0,41.0,1.0
LI,2024,1,479,479.0,479.0,19.0,26.0,1.0
LK,2016,1,640,640.0,640.0,4.0,3.0,1.0
LK,2021,1,764,764.0,764.0,7.0,6.0,1.0
LK,2022,3,1202,400.6667,403.0,11.0,9.6667,0.6667
LK,2023,1,243,243.0,243.0,6.0,2.0,1.0
LK,2024,1,170,170.0,170.0,8.0,9.0,1.0
LK,2025,1,105,105.0,105.0,78.0,71.0,1.0
LS,2024,1,178,178.0,178.0,5.0,5.0,1.0
LT,2016,1,633,633.0,633.0,5.0,3.0,1.0
LT,2017,1,971,971.0,971.0,10.0,10.0,1.0
LT,2019,2,3066,1533.0,1533.0,21.0,21.0,1.0
LT,2020,1,573,573.0,573.0,3.0,1.0,0.0
LT,2021,1,615,615.0,615.0,2.0,1.0,0.0
LT,2023,1,333,333.0,333.0,8.0,7.0,1.0
LT,2024,4,1080,270.0,234.0,7.0,6.75,0.75
LT,2025,4,264,66.0,59.5,12.0,15.5,1.0
LU,2016,2,2103,1051.5,1051.5,13.0,15.5,1.0
LU,2017,2,2716,1358.0,1358.0,5.5,4.5,1.0
LU,2018,1,2195,2195.0,2195.0,5.0,5.0,1.0
LU,2020,1,889,889.0,889.0,4.0,7.0,1.0
LU,2021,2,1363,681.5,681.5,53.5,35.0,1.0
LU,2024,2,542,271.0,271.0,12.0,8.5,1.0
LU,2025,2,131,65.5,65.5,29.0,24.0,1.0
LV,2018,1,1072,1072.0,1072.0,30.0,31.0,1.0
LV,2021,2,1016,508.0,508.0,17.0,19.0,1.0
LV,2022,1,419,419.0,419.0,5.0,6.0,1.0
LV,2023,2,1087,543.5,543.5,15.0,16.0,1.0
LY,2021,2,1161,580.5,580.5,4.5,4.0,1.0
LY,2023,1,354,354.0,354.0,3.0,3.0,1.0
LY,2024,2,302,151.0,151.0,6.5,6.0,1.0
LY,2025,1,62,62.0,62.0,12.0,8.0,1.0
MA,2016,3,2237,745.6667,760.0,4.0,1.6667,0.6667
MA,2017,2,2008,1004.0,1004.0,3.5,2.0,0.5
MA,2018,2,6573,3286.5,3286.5,2.5,1.0,0.0
MA,2019,1,680,680.0,680.0,36.0,13.0,1.0
MA,2020,2,1498,749.0,749.0,2.5,1.0,0.0
MA,2021,3,1391,463.6667,444.0,5.3333,4.0,0.3333
MA,2022,2,2973,1486.5,1486.5,23.5,25.5,1.0
MA,2023,4,1190,297.5,289.0,4.0,2.0,0.25
MA,2024,1,158,158.0,158.0,3.0,2.0,0.0
MA,2025,4,234,58.5,59.5,6.5,5.5,0.75
ME,2019,1,1284,1284.0,1284.0,31.0,12.0,1.0
ME,2021,1,588,588.0,588.0,1.0,1.0,0.0
ME,2024,1,147,147.0,147.0,7.0,5.0,1.0
ME,2025,3,242,80.6667,82.0,31.3333,29.3333,1.0
MK,2018,1,1832,1832.0,1832.0,5.0,2.0,1.0
MK,2021,2,1425,712.5,712.5,18.5,20.5,1.0
MK,2023,1,606,606.0,606.0,4.0,4.0,1.0
MK,2024,2,373,186.5,186.5,2.5,2.5,1.0
MO,2016,2,1572,786.0,786.0,2.5,2.0,0.5
MO,2017,4,4511,1127.75,994.0,10.5,11.5,1.0
MO,2018,1,768,768.0,768.0,3.0,3.0,1.0
MO,2019,4,14818,3704.5,841.0,5.0,4.25,1.0
MO,2020,2,1228,614.0,614.0,6.5,4.0,1.0
MO,2021,5,4657,931.4,678.0,18.2,11.2,1.0
MO,2022,4,3295,823.75,476.0,5.25,4.25,1.0
MO,2023,7,3382,483.1429,304.0,6.0,4.8571,0.8571
MO,2024,4,1279,319.75,208.0,6.5,3.25,1.0
MO,2025,3,494,164.6667,82.0,7.0,6.0,1.0
MT,2018,1,759,759.0,759.0,2.0,2.0,1.0
MU,2023,1,245,245.0,245.0,4.0,6.0,1.0
MV,2024,1,252,252.0,252.0,5.0,6.0,1.0
MX,2016,5,4044,808.8,866.0,6.2,5.4,1.0
MX,2017,6,6224,1037.3333,805.5,15.8333,9.3333,0.8333
MX,2018,2,1548,774.0,774.0,10.5,6.5,1.0
MX,2019,5,4779,955.8,814.0,43.2,16.0,0.8
MX,2020,9,8209,912.1111,650.0,16.5556,10.6667,0.7778
MX,2021,2,1199,599.5,599.5,22.0,26.5,1.0
MX,2022,5,2853,570.6,488.0,9.0,8.0,0.8
MX,2023,6,4951,825.1667,531.0,7.3333,4.3333,0.8333
MX,2024,9,1946,216.2222,171.0,24.8889,15.3333,1.0
MX,2025,8,819,102.375,71.0,28.125,20.125,0.75
MY,2016,7,6703,957.5714,869.0,5.7143,3.4286,0.7143
MY,2017,12,12509,1042.4167,987.5,4.5833,3.4167,0.6667
MY,2018,9,9717,1079.6667,848.0,5.4444,4.4444,0.8889
MY,2019,10,12145,1214.5,705.0,7.6,6.0,0.9
MY,2020,8,6414,801.75,757.5,5.375,5.375,1.0
MY,2021,11,7620,692.7273,543.0,6.2727,4.5455,0.7273
MY,2022,21,14043,668.7143,403.0,9.9048,8.9524,0.9048
MY,2023,10,5417,541.7,527.5,9.4,7.7,0.7
MY,2024,23,5038,219.0435,179.0,6.087,4.5652,0.8696
MY,2025,28,2060,73.5714,68.0,8.7857,8.6786,0.8929
NA,2020,1,582,582.0,582.0,2.0,2.0,1.0
NA,2025,1,352,352.0,352.0,49.0,45.0,1.0
NG,2018,2,3915,1957.5,1957.5,5.0,3.5,1.0
NG,2019,1,729,729.0,729.0,10.0,8.0,1.0
NG,2021,2,1669,834.5,834.5,21.5,21.5,1.0
NG,2022,6,2751,458.5,388.0,11.5,7.8333,1.0
NG,2023,3,985,328.3333,321.0,17.0,20.0,1.0
NG,2024,5,1108,221.6,177.0,7.0,4.6,1.0
NG,2025,6,590,98.3333,95.0,34.1667,26.0,0.8333
NI,2023,1,281,281.0,281.0,7.0,8.0,1.0
NI,2025,1,73,73.0,73.0,10.0,10.0,1.0
NL,2016,45,53434,1187.4222,869.0,14.5111,9.2222,0.7778
NL,2017,44,76480,1738.1818,1014.5,12.9545,8.7045,0.75
NL,2018,39,57029,1462.2821,1091.0,10.1538,8.8462,0.8974
NL,2019,44,55927,1271.0682,829.0,16.2955,10.8636,0.8636
NL,2020,34,29002,853.0,730.0,9.6765,7.4412,0.7941
NL,2021,42,33764,803.9048,546.0,16.8333,12.8571,0.8571
NL,2022,34,23605,694.2647,459.5,23.5,16.2353,0.8235
NL,2023,27,15989,592.1852,323.0,23.7407,15.0741,0.8519
NL,2024,19,8127,427.7368,255.0,33.9474,28.6842,0.8947
NL,2025,28,3309,118.1786,76.5,28.5357,21.5357,0.9286
NO,2016,12,19703,1641.9167,701.5,12.25,9.0,0.9167
NO,2017,12,9659,804.9167,746.0,14.3333,11.9167,1.0
NO,2018,10,14782,1478.2,1163.5,21.5,17.4,0.9
NO,2019,11,10962,996.5455,812.0,19.3636,16.4545,0.9091
NO,2020,16,14232,889.5,773.0,11.4375,10.25,1.0
NO,2021,15,12609,840.6,722.0,17.3333,16.3333,0.8667
NO,2022,17,11579,681.1176,515.0,9.6471,9.2353,0.9412
NO,2023,14,5821,415.7857,283.0,9.3571,5.9286,0.7857
NO,2024,12,3137,261.4167,219.0,22.1667,22.25,1.0
NO,2025,7,625,89.2857,85.0,9.8571,7.5714,1.0
NP,2016,2,1396,698.0,698.0,5.0,3.0,1.0
NP,2020,1,652,652.0,652.0,4.0,11.0,1.0
NP,2021,1,549,549.0,549.0,6.0,4.0,1.0
NP,2022,1,403,403.0,403.0,28.0,22.0,1.0
NP,2024,1,147,147.0,147.0,7.0,5.0,1.0
NP,2025,4,344,86.0,63.5,12.0,19.75,1.0
NZ,2016,7,5606,800.8571,755.0,17.1429,13.5714,0.8571
NZ,2017,5,4830,966.0,919.0,4.0,4.0,0.8
NZ,2018,8,47373,5921.625,2654.5,6.0,5.0,1.0
NZ,2019,12,38243,3186.9167,1135.0,23.1667,18.25,0.9167
NZ,2020,10,10397,1039.7,828.0,7.7,7.7,0.9
NZ,2021,7,4377,625.2857,545.0,8.0,9.4286,0.8571
NZ,2022,8,5033,629.125,576.0,19.75,15.375,0.875
NZ,2023,10,8848,884.8,315.5,24.2,10.8,0.9
NZ,2024,8,2671,333.875,264.5,25.375,19.125,0.875
NZ,2025,8,1095,136.875,65.0,16.875,14.125,1.0
OM,2021,1,712,712.0,712.0,9.0,5.0,1.0
OM,2022,2,1748,874.0,874.0,5.0,5.5,1.0
OM,2023,1,3734,3734.0,3734.0,73.0,49.0,1.0
OM,2024,1,326,326.0,326.0,5.0,4.0,1.0
OM,2025,3,245,81.6667,83.0,31.0,29.0,1.0
PA,2017,1,2578,2578.0,2578.0,15.0,7.0,1.0
PE,2017,2,4828,2414.0,2414.0,37.5,18.0,1.0
PE,2024,1,203,203.0,203.0,6.0,5.0,1.0
PH,2016,1,860,860.0,860.0,2.0,1.0,0.0
PH,2017,1,741,741.0,741.0,4.0,2.0,1.0
PH,2020,1,721,721.0,721.0,64.0,32.0,1.0
PH,2022,1,455,455.0,455.0,9.0,5.0,1.0
PH,2023,3,1981,660.3333,667.0,8.0,9.0,0.3333
PH,2025,2,177,88.5,88.5,43.0,37.0,1.0
PK,2016,4,3297,824.25,816.5,6.0,4.0,0.75
PK,2017,3,2866,955.3333,855.0,7.0,4.3333,1.0
PK,2018,9,10021,1113.4444,879.0,10.2222,8.3333,0.8889
PK,2019,9,6206,689.5556,679.0,8.4444,7.5556,1.0
PK,2020,9,7470,830.0,593.0,12.8889,8.2222,0.5556
PK,2021,14,7007,500.5,415.5,6.0,4.2857,0.8571
PK,2022,19,8686,457.1579,379.0,6.0,5.0526,0.9474
PK,2023,17,6157,362.1765,316.0,12.1765,7.8235,0.9412
PK,2024,20,4051,202.55,170.5,7.3,4.85,1.0
PK,2025,24,1862,77.5833,64.5,5.75,4.5417,0.9167
PL,2016,9,9412,1045.7778,713.0,32.3333,17.7778,0.6667
PL,2017,6,5071,845.1667,834.0,9.5,9.1667,1.0
PL,2018,7,8186,1169.4286,969.0,6.0,6.8571,0.7143
PL,2019,3,2203,734.3333,710.0,14.0,4.6667,1.0
PL,2020,7,5571,795.8571,669.0,6.7143,5.4286,0.8571
PL,2021,9,5217,579.6667,481.0,9.7778,9.4444,1.0
PL,2022,6,2659,443.1667,406.5,21.8333,15.6667,1.0
PL,2023,10,4019,401.9,360.5,5.9,3.8,0.7
PL,2024,8,1354,169.25,165.0,9.25,8.875,0.75
PL,2025,17,1540,90.5882,65.0,19.6471,16.5882,0.8824
PR,2019,1,1032,1032.0,1032.0,25.0,12.0,1.0
PR,2021,1,477,477.0,477.0,7.0,14.0,1.0
PR,2022,1,391,391.0,391.0,5.0,4.0,1.0
PR,2023,4,2953,738.25,564.5,77.5,45.5,1.0
PR,2024,1,194,194.0,194.0,17.0,22.0,1.0
PR,2025,2,178,89.0,89.0,11.5,8.5,1.0
PS,2017,3,2641,880.3333,812.0,2.0,2.0,1.0
PS,2018,1,652,652.0,652.0,7.0,5.0,1.0
PS,2020,2,1771,885.5,885.5,33.5,18.0,1.0
PS,2022,2,1075,537.5,537.5,5.5,3.0,1.0
PS,2023,3,930,310.0,309.0,5.0,3.3333,0.6667
PS,2024,2,299,149.5,149.5,4.5,4.0,1.0
PS,2025,3,303,101.0,102.0,5.3333,5.0,0.6667
PT,2016,10,23179,2317.9,1114.0,15.2,11.6,0.7
PT,2017,9,8503,944.7778,1015.0,5.7778,4.4444,0.5556
PT,2018,5,4881,976.2,994.0,7.6,5.4,0.4
PT,2019,10,14876,1487.6,959.0,21.9,18.4,0.9
PT,2020,7,5819,831.2857,577.0,4.1429,3.7143,0.7143
PT,2021,10,5402,540.2,502.5,9.4,8.3,0.8
PT,2022,8,5287,660.875,507.5,31.5,18.0,0.625
PT,2023,5,2393,478.6,501.0,22.0,8.2,0.6
PT,2024,12,7767,647.25,193.0,17.5833,15.3333,0.75
PT,2025,10,1896,189.6,104.5,17.4,14.6,0.7
QA,2016,6,7141,1190.1667,1242.0,7.5,6.6667,1.0
QA,2017,5,8819,1763.8,1235.0,17.0,8.8,1.0
QA,2018,4,3411,852.75,787.0,4.25,3.25,1.0
QA,2019,1,2235,2235.0,2235.0,9.0,10.0,1.0
QA,2020,6,4804,800.6667,699.5,10.6667,9.3333,1.0
QA,2021,7,4392,627.4286,570.0,10.1429,9.0,0.7143
QA,2022,7,7043,1006.1429,492.0,9.1429,9.0,1.0
QA,2023,10,4511,451.1,421.0,6.5,6.3,0.7
QA,2024,4,892,223.0,197.0,5.25,4.5,0.75
QA,2025,4,261,65.25,64.0,7.0,5.75,0.75
RO,2016,1,6773,6773.0,6773.0,2.0,2.0,1.0
RO,2017,1,1281,1281.0,1281.0,4.0,3.0,1.0
RO,2018,2,1830,915.0,915.0,17.0,16.5,1.0
RO,2019,1,1713,1713.0,1713.0,4.0,1.0,0.0
RO,2020,1,1456,1456.0,1456.0,5.0,2.0,0.0
RO,2021,5,3199,639.8,494.0,5.0,5.2,0.8
RO,2022,5,2808,561.6,453.0,4.4,4.8,1.0
RO,2023,6,5039,839.8333,731.0,9.6667,8.6667,0.8333
RO,2024,6,1311,218.5,226.5,4.3333,3.6667,0.5
RO,2025,6,729,121.5,83.5,5.1667,3.8333,0.6667
RS,2016,4,7588,1897.0,1451.0,45.75,27.75,1.0
RS,2017,3,6796,2265.3333,1155.0,19.0,11.6667,1.0
RS,2018,2,2431,1215.5,1215.5,37.0,20.5,1.0
RS,2019,1,1327,1327.0,1327.0,4.0,3.0,1.0
RS,2020,2,1326,663.0,663.0,9.0,9.0,0.5
RS,2021,2,888,444.0,444.0,18.0,19.5,1.0
RS,2022,2,1111,555.5,555.5,15.5,20.5,1.0
RS,2024,2,284,142.0,142.0,5.0,2.5,1.0
RS,2025,3,207,69.0,70.0,5.6667,7.0,1.0
RU,2016,8,11665,1458.125,1255.5,36.875,19.0,0.875
RU,2017,11,23081,2098.2727,1104.0,14.3636,9.0909,0.7273
RU,2018,11,15963,1451.1818,1625.0,11.5455,10.0,0.8182
RU,2019,12,17740,1478.3333,1247.5,20.8333,14.5833,1.0
RU,2020,5,4273,854.6,867.0,6.2,3.0,1.0
RU,2021,6,3548,591.3333,505.0,6.1667,6.5,0.8333
RU,2022,10,5435,543.5,438.5,26.6,14.7,0.9
RU,2023,5,1639,327.8,315.0,10.4,9.2,1.0
RU,2024,4,1305,326.25,340.0,11.75,6.75,0.75
RU,2025,10,907,90.7,62.0,18.9,15.8,1.0
RW,2020,1,721,721.0,721.0,64.0,32.0,1.0
RW,2022,1,550,550.0,550.0,85.0,19.0,1.0
RW,2025,1,105,105.0,105.0,78.0,71.0,1.0
SA,2016,5,7042,1408.4,715.0,26.8,14.8,0.8
SA,2017,7,6934,990.5714,1028.0,7.5714,8.0,0.8571
SA,2018,9,9400,1044.4444,940.0,11.2222,9.6667,0.7778
SA,2019,9,7423,824.7778,649.0,6.1111,4.4444,0.8889
SA,2020,12,8503,708.5833,612.5,7.4167,4.0,0.75
SA,2021,24,35259,1469.125,518.0,8.3333,6.3333,0.8333
SA,2022,25,14249,569.96,379.0,11.28,7.52,0.92
SA,2023,22,14226,646.6364,343.0,12.4091,8.0,0.6818
SA,2024,28,5924,211.5714,169.0,11.4643,8.25,0.9643
SA,2025,53,4163,78.5472,68.0,6.3396,5.1509,0.9434
SE,2016,17,34077,2004.5294,1230.0,21.3529,13.4706,0.7059
SE,2017,18,23959,1331.0556,1092.5,11.0556,10.1667,0.8889
SE,2018,23,28478,1238.1739,822.0,10.0,9.087,0.7826
SE,2019,34,56477,1661.0882,1182.0,19.4118,14.5,0.9412
SE,2020,20,22028,1101.4,802.0,10.75,9.25,0.95
SE,2021,21,15975,760.7143,610.0,15.0476,12.9048,0.9524
SE,2022,25,21978,879.12,495.0,20.6,12.12,0.92
SE,2023,20,8056,402.8,314.0,12.5,7.45,0.9
SE,2024,21,5388,256.5714,187.0,18.4762,13.2381,0.8571
SE,2025,23,2319,100.8261,68.0,20.913,16.4348,0.913
SG,2016,26,29752,1144.3077,991.5,4.4615,2.8077,0.6154
SG,2017,30,49318,1643.9333,1197.0,6.2,3.7,0.8
SG,2018,34,45534,1339.2353,878.0,5.9412,4.2353,0.8529
SG,2019,43,55703,1295.4186,938.0,8.3256,5.5814,0.907
SG,2020,47,40554,862.8511,678.0,5.1489,3.5106,0.766
SG,2021,54,49882,923.7407,598.0,10.7407,8.1111,0.8333
SG,2022,48,34556,719.9167,491.5,10.3333,7.0417,0.8333
SG,2023,37,14062,380.0541,316.0,7.9189,5.1622,0.8919
SG,2024,47,11818,251.4468,200.0,11.4681,7.2979,0.8511
SG,2025,43,4008,93.2093,71.0,13.4419,10.4884,0.8837
SI,2016,3,2019,673.0,663.0,38.0,16.6667,1.0
SI,2017,2,1841,920.5,920.5,5.0,3.5,1.0
SI,2018,1,2092,2092.0,2092.0,3.0,2.0,1.0
SI,2019,4,3779,944.75,970.0,52.25,34.5,0.75
SI,2020,2,2389,1194.5,1194.5,4.0,1.0,0.0
SI,2021,4,2942,735.5,705.5,11.75,14.5,0.75
SI,2022,3,2850,950.0,657.0,11.3333,12.3333,1.0
SI,2023,2,853,426.5,426.5,55.0,25.0,1.0
SI,2024,2,771,385.5,385.5,7.5,9.0,1.0
SI,2025,3,321,107.0,105.0,31.6667,30.6667,1.0
SK,2016,2,1314,657.0,657.0,37.5,26.5,1.0
SK,2018,1,698,698.0,698.0,12.0,8.0,1.0
SK,2019,3,3125,1041.6667,1129.0,38.3333,32.6667,1.0
SK,2020,3,2049,683.0,588.0,7.0,6.0,1.0
SK,2022,1,383,383.0,383.0,8.0,10.0,1.0
SK,2023,2,867,433.5,433.5,26.0,11.0,1.0
SK,2024,1,286,286.0,286.0,7.0,5.0,1.0
SO,2023,1,354,354.0,354.0,3.0,3.0,1.0
SO,2025,1,51,51.0,51.0,4.0,3.0,1.0
SS,2018,2,5018,2509.0,2509.0,10.0,8.0,1.0
SS,2023,1,359,359.0,359.0,3.0,3.0,1.0
SS,2024,1,185,185.0,185.0,4.0,3.0,1.0
SX,2024,1,172,172.0,172.0,4.0,4.0,1.0
SY,2019,1,826,826.0,826.0,4.0,3.0,1.0
SY,2021,1,551,551.0,551.0,3.0,2.0,1.0
SY,2022,1,378,378.0,378.0,14.0,21.0,1.0
SY,2024,2,745,372.5,372.5,5.0,4.5,1.0
SY,2025,1,134,134.0,134.0,4.0,2.0,1.0
TH,2017,1,730,730.0,730.0,22.0,22.0,1.0
TH,2020,1,551,551.0,551.0,7.0,2.0,1.0
TH,2021,1,722,722.0,722.0,99.0,34.0,1.0
TH,2023,4,2375,593.75,537.0,4.5,4.0,0.5
TH,2024,1,307,307.0,307.0,2.0,2.0,0.0
TH,2025,4,243,60.75,60.0,17.75,9.75,1.0
TJ,2017,1,1213,1213.0,1213.0,100.0,59.0,1.0
TN,2018,1,813,813.0,813.0,4.0,3.0,1.0
TN,2019,1,587,587.0,587.0,5.0,6.0,1.0
TN,2020,1,603,603.0,603.0,4.0,2.0,1.0
TN,2021,2,843,421.5,421.5,4.0,2.5,0.5
TN,2022,2,737,368.5,368.5,3.5,3.0,1.0
TN,2023,2,1293,646.5,646.5,2.5,4.5,1.0
TN,2025,1,76,76.0,76.0,7.0,5.0,1.0
TR,2016,7,6447,921.0,857.0,19.0,9.2857,0.7143
TR,2017,9,25773,2863.6667,971.0,18.0,11.3333,0.7778
TR,2018,11,10776,979.6364,906.0,7.0,6.5455,0.3636
TR,2019,6,4844,807.3333,716.0,35.1667,22.8333,0.3333
TR,2020,15,13019,867.9333,629.0,5.0667,3.9333,0.5333
TR,2021,9,6067,674.1111,552.0,16.5556,16.2222,0.5556
TR,2022,18,9660,536.6667,390.5,11.8333,9.0,0.7222
TR,2023,21,9497,452.2381,354.0,10.6667,8.4762,0.6667
TR,2024,20,4931,246.55,179.5,6.6,6.45,0.8
TR,2025,26,2202,84.6923,75.5,9.1538,7.6923,0.7692
TW,2016,6,8286,1381.0,853.0,4.3333,3.6667,0.8333
TW,2017,4,3729,932.25,927.0,28.0,16.75,0.5
TW,2018,7,9692,1384.5714,1143.0,10.8571,4.4286,0.8571
TW,2019,10,13850,1385.0,978.5,14.9,8.2,0.6
TW,2020,16,21788,1361.75,1003.0,4.8125,3.875,0.8125
TW,2021,12,17861,1488.4167,699.5,16.9167,12.25,1.0
TW,2022,13,7327,563.6154,495.0,17.5385,13.0769,0.8462
TW,2023,13,18431,1417.7692,288.0,11.5385,10.1538,0.7692
TW,2024,20,8063,403.15,188.5,15.5,10.5,0.85
TW,2025,14,1121,80.0714,73.5,21.5,16.1429,0.9286
TZ,2016,1,752,752.0,752.0,4.0,5.0,1.0
TZ,2017,1,680,680.0,680.0,6.0,4.0,1.0
TZ,2019,1,1960,1960.0,1960.0,3.0,2.0,1.0
UA,2016,3,3289,1096.3333,752.0,35.3333,15.0,0.6667
UA,2017,2,2373,1186.5,1186.5,5.0,5.0,1.0
UA,2019,2,1670,835.0,835.0,2.5,2.0,1.0
UA,2020,2,2727,1363.5,1363.5,5.0,5.0,1.0
UA,2022,1,452,452.0,452.0,100.0,61.0,1.0
UA,2023,2,696,348.0,348.0,7.5,6.5,1.0
UA,2024,1,193,193.0,193.0,5.0,8.0,1.0
UA,2025,6,378,63.0,61.0,10.5,7.1667,0.8333
UG,2020,1,721,721.0,721.0,64.0,32.0,1.0
UG,2022,1,403,403.0,403.0,28.0,22.0,1.0
UG,2023,1,259,259.0,259.0,7.0,4.0,1.0
UG,2024,1,321,321.0,321.0,4.0,2.0,0.0
UG,2025,3,416,138.6667,72.0,15.6667,18.0,0.6667
US,2016,474,871717,1839.0654,952.5,6.1772,3.9008,0.4895
US,2017,474,1000829,2111.4536,1001.0,6.1076,3.8101,0.4705
US,2018,491,900484,1833.9796,1003.0,6.6884,3.6925,0.4501
US,2019,446,607326,1361.7175,946.0,7.4372,4.565,0.5269
US,2020,367,427492,1164.8283,789.0,7.654,4.8529,0.5858
US,2021,375,367893,981.048,600.0,8.2,5.3813,0.5893
US,2022,367,229209,624.5477,459.0,9.2779,5.5695,0.6267
US,2023,367,218333,594.9128,370.0,10.485,5.6839,0.5695
US,2024,304,106736,351.1053,200.0,10.5691,6.5395,0.6086
US,2025,284,55785,196.4261,74.0,11.5317,7.7465,0.662
UZ,2025,5,390,78.0,57.0,26.2,18.0,1.0
VE,2017,1,702,702.0,702.0,7.0,6.0,1.0
VN,2016,4,6019,1504.75,671.5,27.75,16.5,1.0
VN,2017,3,2617,872.3333,649.0,4.0,3.6667,1.0
VN,2018,4,4244,1061.0,932.0,3.25,2.75,1.0
VN,2019,4,3106,776.5,784.0,5.5,3.75,1.0
VN,2020,7,5806,829.4286,782.0,5.7143,4.7143,1.0
VN,2021,5,2837,567.4,514.0,6.2,4.4,1.0
VN,2022,5,2262,452.4,419.0,14.6,10.4,1.0
VN,2023,3,990,330.0,256.0,5.0,3.6667,1.0
VN,2024,7,1145,163.5714,170.0,5.0,3.7143,0.7143
VN,2025,5,652,130.4,94.0,21.2,18.4,0.8
YE,2023,2,754,377.0,377.0,4.0,4.0,1.0
YE,2024,2,386,193.0,193.0,4.5,4.0,1.0
YE,2025,3,218,72.6667,58.0,29.6667,28.6667,1.0
ZA,2016,9,7686,854.0,857.0,26.3333,21.0,1.0
ZA,2017,4,5851,1462.75,842.0,15.25,11.5,0.5
ZA,2018,6,4903,817.1667,758.5,8.3333,9.8333,0.6667
ZA,2019,6,6492,1082.0,1024.0,21.3333,14.0,0.8333
ZA,2020,8,7034,879.25,858.5,12.125,12.5,0.875
ZA,2021,12,30722,2560.1667,880.0,20.75,17.5,1.0
ZA,2022,17,10217,601.0,459.0,8.1765,8.1176,0.8235
ZA,2023,7,5495,785.0,271.0,13.4286,9.4286,0.4286
ZA,2024,14,5241,374.3571,174.5,13.0,11.6429,0.7857
ZA,2025,17,2141,125.9412,81.0,17.0,20.0588,0.8235
ZW,2020,1,721,721.0,721.0,64.0,32.0,1.0
ZW,2022,1,403,403.0,403.0,28.0,22.0,1.0
